{"cameraMode":{"drawMode":0,"name":"Shaded","section":"Shading Mode"},"sceneLighting":true,"audioPlay":false,"sceneViewState":{"m_AlwaysRefresh":false,"showFog":true,"showSkybox":true,"showFlares":true,"showImageEffects":true,"showParticleSystems":true,"showVisualEffectGraphs":true,"m_FxEnabled":true},"in2DMode":false,"pivot":{"x":0.16605234146118165,"y":-0.8268415927886963,"z":0.46265196800231936},"rotation":{"x":-0.10534899681806565,"y":0.8869882225990295,"z":-0.25007981061935427,"w":-0.37365323305130007},"size":3.044282913208008,"orthographic":false}